rank,score,probability,center_x,center_y,center_z,n_lining_res,dist_to_ATP_site,dist_to_AMP_site,assumed_footprint_overlap,lining_residues
1,50.66,0.980,-15.58,-4.55,17.09,46,10.6,3.5,13|15|16|17|18|20|34,13 15 16 17 18 20 34 82 85 89 287 289 290 314 316 317 318 319 321 337 338 351 353 356 371 375 380 383 392 406 407 489 490 491 494 516 517 518 697 698 699 1280 1281 1284 1287 1288
2,9.77,0.525,3.81,-18.09,-5.34,22,39.5,33.0,,117 119 120 121 122 124 1040 1041 1042 1044 1045 1046 1094 1095 1096 1128 1129 1130 1272 1273 1275 1276
3,8.86,0.474,-13.19,19.94,14.92,23,30.3,21.8,,271 272 295 298 299 325 327 328 329 331 524 526 528 573 575 577 590 591 592 615 618 637 639
4,7.35,0.384,-1.75,23.04,-10.05,17,48.3,38.2,,142 159 195 226 227 534 535 536 581 584 586 630 632 1149 1150 1153 1154
5,7.35,0.384,5.01,-6.72,28.06,20,32.0,25.3,,455 458 459 462 463 498 501 502 667 668 704 705 724 727 729 737 740 744 943 944
6,5.75,0.280,9.04,-23.62,-6.01,12,45.6,39.6,,967 970 971 974 978 1042 1094 1095 1096 1128 1271 1272
7,5.37,0.254,-4.09,18.62,-1.91,13,39.7,29.2,,225 226 227 333 334 343 579 586 588 590 632 633 1150
8,4.86,0.218,4.77,-10.91,12.55,15,31.2,23.1,,366 367 368 369 370 371 460 464 467 739 742 743 746 1046 1048
9,4.72,0.207,14.59,2.45,-10.47,12,50.7,40.3,,770 789 828 831 855 1079 1080 1104 1117 1119 1141 1143
10,4.42,0.186,12.10,17.37,-11.37,13,54.3,43.2,,584 761 762 763 764 857 915 918 1113 1114 1115 1154 1155
11,4.10,0.165,-4.19,2.33,-7.42,14,35.3,25.9,,108 109 111 112 125 126 127 229 230 233 334 339 341 1147
12,3.20,0.110,-17.02,15.39,0.47,12,30.6,22.5,,221 222 269 271 279 281 283 284 344 345 530 532
13,2.32,0.060,-29.25,17.89,17.57,8,25.6,23.6,,1 9 76 78 264 567 642 644
14,2.15,0.050,-7.71,11.47,33.75,9,30.0,24.3,,301 303 308 484 507 509 710 712 718
15,1.92,0.039,-23.13,12.06,-4.72,10,30.7,25.2,,215 216 217 221 222 238 242 279 280 281
16,1.63,0.027,14.43,-19.40,16.01,11,41.9,35.4,,365 437 442 443 733 735 738 955 958 959 962
17,1.58,0.024,-6.30,-15.28,-8.45,8,34.3,29.0,,122 1129 1130 1131 1174 1264 1278 1282
18,1.33,0.015,-11.48,2.41,-9.16,8,32.9,25.1,,108 126 128 129 130 233 236 340
19,1.32,0.015,9.74,1.82,20.42,11,36.6,26.7,,470 474 502 503 744 747 748 936 939 940 943
20,1.08,0.007,-21.98,-13.42,19.23,6,7.0,13.7,,36 376 383 385 409 410
21,0.88,0.004,7.85,19.86,1.26,7,46.6,35.2,,585 587 616 758 759 761 766
